<?xml version="1.0" encoding="UTF-8"?>
<config xmlns="http://www.knime.org/2008/09/XMLConfig" xmlns:xsi="http://www.w3.org/2001/XMLSchema-instance" xsi:schemaLocation="http://www.knime.org/2008/09/XMLConfig http://www.knime.org/XMLConfig_2008_09.xsd" key="model.xml">
    <entry key="version" type="xint" value="1"/>
    <entry key="class_name" type="xstring" value="org.knime.base.data.normalize.NormalizerPortObject"/>
    <config key="model">
        <config key="columns">
            <config key="OG">
                <entry key="column_name" type="xstring" value="OG"/>
                <entry key="column_scale" type="xdouble" value="0.47713634681883893"/>
                <entry key="column_translate" type="xdouble" value="-0.6575786148972271"/>
                <entry key="column_min" type="xdouble" value="NaN"/>
                <entry key="column_max" type="xdouble" value="NaN"/>
            </config>
            <config key="FG">
                <entry key="column_name" type="xstring" value="FG"/>
                <entry key="column_scale" type="xdouble" value="2.552718810872914"/>
                <entry key="column_translate" type="xdouble" value="-2.7279834768972475"/>
                <entry key="column_min" type="xdouble" value="NaN"/>
                <entry key="column_max" type="xdouble" value="NaN"/>
            </config>
            <config key="ABV">
                <entry key="column_name" type="xstring" value="ABV"/>
                <entry key="column_scale" type="xdouble" value="0.6301217398652084"/>
                <entry key="column_translate" type="xdouble" value="-3.8209186551527603"/>
                <entry key="column_min" type="xdouble" value="NaN"/>
                <entry key="column_max" type="xdouble" value="NaN"/>
            </config>
            <config key="IBU">
                <entry key="column_name" type="xstring" value="IBU"/>
                <entry key="column_scale" type="xdouble" value="0.02315621573203108"/>
                <entry key="column_translate" type="xdouble" value="-1.1892712858881311"/>
                <entry key="column_min" type="xdouble" value="NaN"/>
                <entry key="column_max" type="xdouble" value="NaN"/>
            </config>
            <config key="Color">
                <entry key="column_name" type="xstring" value="Color"/>
                <entry key="column_scale" type="xdouble" value="0.09328773616149678"/>
                <entry key="column_translate" type="xdouble" value="-1.0658445115412873"/>
                <entry key="column_min" type="xdouble" value="NaN"/>
                <entry key="column_max" type="xdouble" value="NaN"/>
            </config>
            <config key="BoilTime">
                <entry key="column_name" type="xstring" value="BoilTime"/>
                <entry key="column_scale" type="xdouble" value="0.08017064505137364"/>
                <entry key="column_translate" type="xdouble" value="-5.128915550347119"/>
                <entry key="column_min" type="xdouble" value="NaN"/>
                <entry key="column_max" type="xdouble" value="NaN"/>
            </config>
            <config key="BoilGravity">
                <entry key="column_name" type="xstring" value="BoilGravity"/>
                <entry key="column_scale" type="xdouble" value="0.5544663677497934"/>
                <entry key="column_translate" type="xdouble" value="-0.7330456125311783"/>
                <entry key="column_min" type="xdouble" value="NaN"/>
                <entry key="column_max" type="xdouble" value="NaN"/>
            </config>
            <config key="Efficiency">
                <entry key="column_name" type="xstring" value="Efficiency"/>
                <entry key="column_scale" type="xdouble" value="0.07049525620196213"/>
                <entry key="column_translate" type="xdouble" value="-4.643418272609909"/>
                <entry key="column_min" type="xdouble" value="NaN"/>
                <entry key="column_max" type="xdouble" value="NaN"/>
            </config>
            <config key="Size/boilSize">
                <entry key="column_name" type="xstring" value="Size/boilSize"/>
                <entry key="column_scale" type="xdouble" value="0.5352140473247801"/>
                <entry key="column_translate" type="xdouble" value="-0.4940528388541403"/>
                <entry key="column_min" type="xdouble" value="NaN"/>
                <entry key="column_max" type="xdouble" value="NaN"/>
            </config>
        </config>
        <entry key="summary" type="xstring" value="Z-Score (Gaussian) normalization on 9 column(s)"/>
    </config>
</config>
