<?xml version="1.0" encoding="UTF-8"?>
<config xmlns="http://www.knime.org/2008/09/XMLConfig" xmlns:xsi="http://www.w3.org/2001/XMLSchema-instance" xsi:schemaLocation="http://www.knime.org/2008/09/XMLConfig http://www.knime.org/XMLConfig_2008_09.xsd" key="MiningSchema">
    <config key="learning">
        <entry key="array-size" type="xint" value="10"/>
        <entry key="0" type="xstring" value="Style"/>
        <entry key="1" type="xstring" value="OG"/>
        <entry key="2" type="xstring" value="FG"/>
        <entry key="3" type="xstring" value="ABV"/>
        <entry key="4" type="xstring" value="IBU"/>
        <entry key="5" type="xstring" value="BoilTime"/>
        <entry key="6" type="xstring" value="BoilGravity"/>
        <entry key="7" type="xstring" value="Efficiency"/>
        <entry key="8" type="xstring" value="BrewMethod"/>
        <entry key="9" type="xstring" value="Size/boilSize"/>
    </config>
    <config key="target">
        <entry key="array-size" type="xint" value="1"/>
        <entry key="0" type="xstring" value="Color"/>
    </config>
</config>
