<?xml version="1.0" encoding="UTF-8"?>
<config xmlns="http://www.knime.org/2008/09/XMLConfig" xmlns:xsi="http://www.w3.org/2001/XMLSchema-instance" xsi:schemaLocation="http://www.knime.org/2008/09/XMLConfig http://www.knime.org/XMLConfig_2008_09.xsd" key="model.xml">
    <entry key="version" type="xint" value="1"/>
    <entry key="class_name" type="xstring" value="org.knime.base.data.normalize.NormalizerPortObject"/>
    <config key="model">
        <config key="columns">
            <config key="OG">
                <entry key="column_name" type="xstring" value="OG"/>
                <entry key="column_scale" type="xdouble" value="0.4551852878860352"/>
                <entry key="column_translate" type="xdouble" value="-0.6401116399913213"/>
                <entry key="column_min" type="xdouble" value="NaN"/>
                <entry key="column_max" type="xdouble" value="NaN"/>
            </config>
            <config key="FG">
                <entry key="column_name" type="xstring" value="FG"/>
                <entry key="column_scale" type="xdouble" value="2.3120098789991506"/>
                <entry key="column_translate" type="xdouble" value="-2.487409824861233"/>
                <entry key="column_min" type="xdouble" value="NaN"/>
                <entry key="column_max" type="xdouble" value="NaN"/>
            </config>
            <config key="ABV">
                <entry key="column_name" type="xstring" value="ABV"/>
                <entry key="column_scale" type="xdouble" value="0.5309236193962817"/>
                <entry key="column_translate" type="xdouble" value="-3.2582066079881358"/>
                <entry key="column_min" type="xdouble" value="NaN"/>
                <entry key="column_max" type="xdouble" value="NaN"/>
            </config>
            <config key="IBU">
                <entry key="column_name" type="xstring" value="IBU"/>
                <entry key="column_scale" type="xdouble" value="0.02328532259886916"/>
                <entry key="column_translate" type="xdouble" value="-1.030985279455635"/>
                <entry key="column_min" type="xdouble" value="NaN"/>
                <entry key="column_max" type="xdouble" value="NaN"/>
            </config>
            <config key="Color">
                <entry key="column_name" type="xstring" value="Color"/>
                <entry key="column_scale" type="xdouble" value="0.08372046254664917"/>
                <entry key="column_translate" type="xdouble" value="-1.1222718993158973"/>
                <entry key="column_min" type="xdouble" value="NaN"/>
                <entry key="column_max" type="xdouble" value="NaN"/>
            </config>
        </config>
        <entry key="summary" type="xstring" value="Z-Score (Gaussian) normalization on 5 column(s)"/>
    </config>
</config>
