<?xml version="1.0" encoding="UTF-8"?>
<config xmlns="http://www.knime.org/2008/09/XMLConfig" xmlns:xsi="http://www.w3.org/2001/XMLSchema-instance" xsi:schemaLocation="http://www.knime.org/2008/09/XMLConfig http://www.knime.org/XMLConfig_2008_09.xsd" key="model.xml">
    <entry key="version" type="xint" value="1"/>
    <entry key="class_name" type="xstring" value="org.knime.base.data.normalize.NormalizerPortObject"/>
    <config key="model">
        <config key="columns">
            <config key="OG">
                <entry key="column_name" type="xstring" value="OG"/>
                <entry key="column_scale" type="xdouble" value="0.030271382948129984"/>
                <entry key="column_translate" type="xdouble" value="-0.030271382948129984"/>
                <entry key="column_min" type="xdouble" value="0.0"/>
                <entry key="column_max" type="xdouble" value="1.0"/>
            </config>
            <config key="FG">
                <entry key="column_name" type="xstring" value="FG"/>
                <entry key="column_scale" type="xdouble" value="0.04268469668254537"/>
                <entry key="column_translate" type="xdouble" value="1.280540900476361E-4"/>
                <entry key="column_min" type="xdouble" value="0.0"/>
                <entry key="column_max" type="xdouble" value="1.0"/>
            </config>
            <config key="ABV">
                <entry key="column_name" type="xstring" value="ABV"/>
                <entry key="column_scale" type="xdouble" value="0.01827485380116959"/>
                <entry key="column_translate" type="xdouble" value="0.0"/>
                <entry key="column_min" type="xdouble" value="0.0"/>
                <entry key="column_max" type="xdouble" value="1.0"/>
            </config>
            <config key="IBU">
                <entry key="column_name" type="xstring" value="IBU"/>
                <entry key="column_scale" type="xdouble" value="2.9331534332560936E-4"/>
                <entry key="column_translate" type="xdouble" value="0.0"/>
                <entry key="column_min" type="xdouble" value="0.0"/>
                <entry key="column_max" type="xdouble" value="1.0"/>
            </config>
            <config key="Color">
                <entry key="column_name" type="xstring" value="Color"/>
                <entry key="column_scale" type="xdouble" value="0.005376344086021506"/>
                <entry key="column_translate" type="xdouble" value="0.0"/>
                <entry key="column_min" type="xdouble" value="0.0"/>
                <entry key="column_max" type="xdouble" value="1.0"/>
            </config>
            <config key="BoilTime">
                <entry key="column_name" type="xstring" value="BoilTime"/>
                <entry key="column_scale" type="xdouble" value="0.004166666666666667"/>
                <entry key="column_translate" type="xdouble" value="0.0"/>
                <entry key="column_min" type="xdouble" value="0.0"/>
                <entry key="column_max" type="xdouble" value="1.0"/>
            </config>
            <config key="BoilGravity">
                <entry key="column_name" type="xstring" value="BoilGravity"/>
                <entry key="column_scale" type="xdouble" value="0.019011406844106463"/>
                <entry key="column_translate" type="xdouble" value="0.0"/>
                <entry key="column_min" type="xdouble" value="0.0"/>
                <entry key="column_max" type="xdouble" value="1.0"/>
            </config>
            <config key="Efficiency">
                <entry key="column_name" type="xstring" value="Efficiency"/>
                <entry key="column_scale" type="xdouble" value="0.01"/>
                <entry key="column_translate" type="xdouble" value="0.0"/>
                <entry key="column_min" type="xdouble" value="0.0"/>
                <entry key="column_max" type="xdouble" value="1.0"/>
            </config>
            <config key="Size/boilSize">
                <entry key="column_name" type="xstring" value="Size/boilSize"/>
                <entry key="column_scale" type="xdouble" value="0.0028572433935043456"/>
                <entry key="column_translate" type="xdouble" value="-3.518772652098948E-5"/>
                <entry key="column_min" type="xdouble" value="0.0"/>
                <entry key="column_max" type="xdouble" value="1.0"/>
            </config>
        </config>
        <entry key="summary" type="xstring" value="Min/Max (0.0, 1) normalization on 9 column(s)"/>
    </config>
</config>
