<?xml version="1.0" encoding="UTF-8"?>
<config xmlns="http://www.knime.org/2008/09/XMLConfig" xmlns:xsi="http://www.w3.org/2001/XMLSchema-instance" xsi:schemaLocation="http://www.knime.org/2008/09/XMLConfig http://www.knime.org/XMLConfig_2008_09.xsd" key="model.xml">
    <entry key="version" type="xint" value="1"/>
    <entry key="class_name" type="xstring" value="org.knime.base.data.normalize.NormalizerPortObject"/>
    <config key="model">
        <config key="columns">
            <config key="OG">
                <entry key="column_name" type="xstring" value="OG"/>
                <entry key="column_scale" type="xdouble" value="0.44859813485200195"/>
                <entry key="column_translate" type="xdouble" value="-0.635525237881738"/>
                <entry key="column_min" type="xdouble" value="NaN"/>
                <entry key="column_max" type="xdouble" value="NaN"/>
            </config>
            <config key="FG">
                <entry key="column_name" type="xstring" value="FG"/>
                <entry key="column_scale" type="xdouble" value="2.2780754245585957"/>
                <entry key="column_translate" type="xdouble" value="-2.4549456494440514"/>
                <entry key="column_min" type="xdouble" value="NaN"/>
                <entry key="column_max" type="xdouble" value="NaN"/>
            </config>
            <config key="ABV">
                <entry key="column_name" type="xstring" value="ABV"/>
                <entry key="column_scale" type="xdouble" value="0.532502647910638"/>
                <entry key="column_translate" type="xdouble" value="-3.264494518145922"/>
                <entry key="column_min" type="xdouble" value="NaN"/>
                <entry key="column_max" type="xdouble" value="NaN"/>
            </config>
            <config key="IBU">
                <entry key="column_name" type="xstring" value="IBU"/>
                <entry key="column_scale" type="xdouble" value="0.023414269626073896"/>
                <entry key="column_translate" type="xdouble" value="-1.0485582919990033"/>
                <entry key="column_min" type="xdouble" value="NaN"/>
                <entry key="column_max" type="xdouble" value="NaN"/>
            </config>
            <config key="Color">
                <entry key="column_name" type="xstring" value="Color"/>
                <entry key="column_scale" type="xdouble" value="0.08406173316187285"/>
                <entry key="column_translate" type="xdouble" value="-1.1212923430934865"/>
                <entry key="column_min" type="xdouble" value="NaN"/>
                <entry key="column_max" type="xdouble" value="NaN"/>
            </config>
            <config key="BoilTime">
                <entry key="column_name" type="xstring" value="BoilTime"/>
                <entry key="column_scale" type="xdouble" value="0.06650245605716525"/>
                <entry key="column_translate" type="xdouble" value="-4.33104200659983"/>
                <entry key="column_min" type="xdouble" value="NaN"/>
                <entry key="column_max" type="xdouble" value="NaN"/>
            </config>
            <config key="BoilGravity">
                <entry key="column_name" type="xstring" value="BoilGravity"/>
                <entry key="column_scale" type="xdouble" value="0.5178694378888602"/>
                <entry key="column_translate" type="xdouble" value="-0.7011717846718932"/>
                <entry key="column_min" type="xdouble" value="NaN"/>
                <entry key="column_max" type="xdouble" value="NaN"/>
            </config>
            <config key="Efficiency">
                <entry key="column_name" type="xstring" value="Efficiency"/>
                <entry key="column_scale" type="xdouble" value="0.0706343530080115"/>
                <entry key="column_translate" type="xdouble" value="-4.677035061816976"/>
                <entry key="column_min" type="xdouble" value="NaN"/>
                <entry key="column_max" type="xdouble" value="NaN"/>
            </config>
            <config key="Size/boilSize">
                <entry key="column_name" type="xstring" value="Size/boilSize"/>
                <entry key="column_scale" type="xdouble" value="0.70734040951786"/>
                <entry key="column_translate" type="xdouble" value="-0.6502142890665716"/>
                <entry key="column_min" type="xdouble" value="NaN"/>
                <entry key="column_max" type="xdouble" value="NaN"/>
            </config>
        </config>
        <entry key="summary" type="xstring" value="Z-Score (Gaussian) normalization on 9 column(s)"/>
    </config>
</config>
