<?xml version="1.0" encoding="UTF-8"?>
<config xmlns="http://www.knime.org/2008/09/XMLConfig" xmlns:xsi="http://www.w3.org/2001/XMLSchema-instance" xsi:schemaLocation="http://www.knime.org/2008/09/XMLConfig http://www.knime.org/XMLConfig_2008_09.xsd" key="model.xml">
    <entry key="version" type="xint" value="1"/>
    <entry key="class_name" type="xstring" value="org.knime.base.data.normalize.NormalizerPortObject"/>
    <config key="model">
        <config key="columns">
            <config key="BeerID">
                <entry key="column_name" type="xstring" value="BeerID"/>
                <entry key="column_scale" type="xdouble" value="4.6899962974176344E-5"/>
                <entry key="column_translate" type="xdouble" value="-1.7320625325993066"/>
                <entry key="column_min" type="xdouble" value="NaN"/>
                <entry key="column_max" type="xdouble" value="NaN"/>
            </config>
            <config key="StyleID">
                <entry key="column_name" type="xstring" value="StyleID"/>
                <entry key="column_scale" type="xdouble" value="0.017602081813127952"/>
                <entry key="column_translate" type="xdouble" value="-1.0592832791085376"/>
                <entry key="column_min" type="xdouble" value="NaN"/>
                <entry key="column_max" type="xdouble" value="NaN"/>
            </config>
            <config key="Size(L)">
                <entry key="column_name" type="xstring" value="Size(L)"/>
                <entry key="column_scale" type="xdouble" value="0.005544051888085881"/>
                <entry key="column_translate" type="xdouble" value="-0.24354894968441693"/>
                <entry key="column_min" type="xdouble" value="NaN"/>
                <entry key="column_max" type="xdouble" value="NaN"/>
            </config>
            <config key="OG">
                <entry key="column_name" type="xstring" value="OG"/>
                <entry key="column_scale" type="xdouble" value="0.4551852878860352"/>
                <entry key="column_translate" type="xdouble" value="-0.6401116399913213"/>
                <entry key="column_min" type="xdouble" value="NaN"/>
                <entry key="column_max" type="xdouble" value="NaN"/>
            </config>
            <config key="FG">
                <entry key="column_name" type="xstring" value="FG"/>
                <entry key="column_scale" type="xdouble" value="2.3120098789991506"/>
                <entry key="column_translate" type="xdouble" value="-2.487409824861233"/>
                <entry key="column_min" type="xdouble" value="NaN"/>
                <entry key="column_max" type="xdouble" value="NaN"/>
            </config>
            <config key="ABV">
                <entry key="column_name" type="xstring" value="ABV"/>
                <entry key="column_scale" type="xdouble" value="0.5309236193962817"/>
                <entry key="column_translate" type="xdouble" value="-3.2582066079881358"/>
                <entry key="column_min" type="xdouble" value="NaN"/>
                <entry key="column_max" type="xdouble" value="NaN"/>
            </config>
            <config key="IBU">
                <entry key="column_name" type="xstring" value="IBU"/>
                <entry key="column_scale" type="xdouble" value="0.02328532259886916"/>
                <entry key="column_translate" type="xdouble" value="-1.030985279455635"/>
                <entry key="column_min" type="xdouble" value="NaN"/>
                <entry key="column_max" type="xdouble" value="NaN"/>
            </config>
            <config key="Color">
                <entry key="column_name" type="xstring" value="Color"/>
                <entry key="column_scale" type="xdouble" value="0.08372046254664917"/>
                <entry key="column_translate" type="xdouble" value="-1.1222718993158973"/>
                <entry key="column_min" type="xdouble" value="NaN"/>
                <entry key="column_max" type="xdouble" value="NaN"/>
            </config>
            <config key="BoilSize">
                <entry key="column_name" type="xstring" value="BoilSize"/>
                <entry key="column_scale" type="xdouble" value="0.005174739912777234"/>
                <entry key="column_translate" type="xdouble" value="-0.257313524952461"/>
                <entry key="column_min" type="xdouble" value="NaN"/>
                <entry key="column_max" type="xdouble" value="NaN"/>
            </config>
            <config key="BoilTime">
                <entry key="column_name" type="xstring" value="BoilTime"/>
                <entry key="column_scale" type="xdouble" value="0.06655915989382442"/>
                <entry key="column_translate" type="xdouble" value="-4.331328701667627"/>
                <entry key="column_min" type="xdouble" value="NaN"/>
                <entry key="column_max" type="xdouble" value="NaN"/>
            </config>
            <config key="Efficiency">
                <entry key="column_name" type="xstring" value="Efficiency"/>
                <entry key="column_scale" type="xdouble" value="0.0709638288401048"/>
                <entry key="column_translate" type="xdouble" value="-4.708796403058041"/>
                <entry key="column_min" type="xdouble" value="NaN"/>
                <entry key="column_max" type="xdouble" value="NaN"/>
            </config>
            <config key="UserId">
                <entry key="column_name" type="xstring" value="UserId"/>
                <entry key="column_scale" type="xdouble" value="6.410011806083642E-5"/>
                <entry key="column_translate" type="xdouble" value="-2.7613093208035906"/>
                <entry key="column_min" type="xdouble" value="NaN"/>
                <entry key="column_max" type="xdouble" value="NaN"/>
            </config>
            <config key="StyleID (right)">
                <entry key="column_name" type="xstring" value="StyleID (right)"/>
                <entry key="column_scale" type="xdouble" value="0.017602081813127952"/>
                <entry key="column_translate" type="xdouble" value="-1.0592832791085376"/>
                <entry key="column_min" type="xdouble" value="NaN"/>
                <entry key="column_max" type="xdouble" value="NaN"/>
            </config>
        </config>
        <entry key="summary" type="xstring" value="Z-Score (Gaussian) normalization on 13 column(s)"/>
    </config>
</config>
